region,mb,mb_infilled
Arctic_Canada_North,-39.1441578021469,-43.303059228086475
Arctic_Canada_South,-36.71366189490534,-5.879751550263194
