region,mb,mb_infilled
Arctic_Canada_North,-37.967910919328894,-34.50769472729242
Arctic_Canada_South,-36.27684795922686,-43.9544730805516
